IP address,remote ssh version,country_code2,organization,asn
182.75.234.235,SSH-2.0-OpenSSH_7.4,IN,Bharti Airtel Limited,
39.165.4.60,SSH-2.0-OpenSSH_7.4,CN,China Mobile,
112.31.167.120,SSH-2.0-OpenSSH_7.4,CN,China Mobile,
95.87.248.223,SSH-2.0-OpenSSH_7.4,BG,Vivacom Bulgaria EAD,
211.106.126.27,SSH-2.0-OpenSSH_7.4,KR,Korea Telecom,
200.192.212.78,SSH-2.0-OpenSSH_7.4,BR,NOVA FIBRA TELECOM S.A.,
60.251.229.144,SSH-2.0-OpenSSH_7.4,TW,"Chunghwa Telecom Co., Ltd.",
103.177.124.9,SSH-2.0-OpenSSH_7.4,BD,Earth Telecommunication ( pvt ) Limited,
60.161.14.23,SSH-2.0-OpenSSH_7.4,CN,CHINANET-BACKBONE,
222.223.187.146,SSH-2.0-OpenSSH_7.4,CN,CHINANET-BACKBONE,
196.190.41.137,SSH-2.0-OpenSSH_7.4,ET,ISP in Ethiopia,
83.180.244.54,SSH-2.0-OpenSSH_7.4,SE,Tele2 Sverige AB,
111.53.52.116,SSH-2.0-OpenSSH_7.4,CN,China Mobile Communications Corporation,
191.36.156.14,SSH-2.0-OpenSSH_7.4,BR,VIPTURBO COMï¿½RCIO & SERVIï¿½OS DE INFORMï¿½TICA LTDA,
46.191.230.34,SSH-2.0-OpenSSH_7.4,RU,JSC Ufanet,
176.31.174.3,SSH-2.0-OpenSSH_7.4,FR,OVH SAS,
5.250.154.166,SSH-2.0-OpenSSH_7.4,KZ,JSC Kazakhtelecom,
45.118.105.239,SSH-2.0-OpenSSH_7.4,IN,ONEOTT INTERTAINMENT LIMITED,
118.31.102.74,,CN,"Hangzhou Alibaba Advertising Co.,Ltd.",
117.159.174.136,SSH-2.0-OpenSSH_7.4,CN,China Mobile,
209.173.10.75,,US,PenTeleData Inc.,
223.82.239.143,SSH-2.0-OpenSSH_7.4,CN,China Mobile,
217.210.191.116,SSH-2.0-OpenSSH_7.4,SE,Telia Company AB,
180.168.100.230,SSH-2.0-OpenSSH_7.4,CN,China Telecom (Group),
122.11.169.112,SSH-2.0-OpenSSH_7.4,SG,Starhub Ltd.,
14.88.228.202,SSH-2.0-OpenSSH_7.4,KR,Korea Telecom,
166.248.28.191,SSH-2.0-OpenSSH_7.4,US,Verizon Business,
1.31.83.238,SSH-2.0-OpenSSH_7.4,CN,CHINA UNICOM China169 Backbone,
124.29.220.227,SSH-2.0-OpenSSH_7.4,PK,Cyber Internet Services (Private) Limited,
64.62.156.11,SSH-2.0-Go,US,Hurricane Electric LLC,
90.160.139.163,SSH-2.0-OpenSSH_7.4,ES,Orange Espagne SA,
198.235.24.103,,US,Google LLC,
203.129.225.4,SSH-2.0-OpenSSH_7.4,IN,Software Technology Parks of India - Bangalore,
222.174.142.78,SSH-2.0-OpenSSH_7.4,CN,CHINANET-BACKBONE,
95.153.72.127,SSH-2.0-OpenSSH_7.4,MD,Societatea mixta pe actiuni de tip inchis Interdnestrcom,
113.140.1.50,SSH-2.0-OpenSSH_7.4,CN,CHINANET-BACKBONE,
222.92.61.242,SSH-2.0-OpenSSH_7.4,CN,CHINANET-BACKBONE,
47.206.63.169,SSH-2.0-OpenSSH_7.4,US,"Frontier Communications of America, Inc.",
50.170.90.120,SSH-2.0-OpenSSH_7.4,US,"Comcast Cable Communications, LLC",
24.224.129.15,SSH-2.0-OpenSSH_7.4,CA,EastLink,
191.97.6.201,SSH-2.0-OpenSSH_7.4,CO,TV AZTECA SUCURSAL COLOMBIA,
91.75.14.80,SSH-2.0-OpenSSH_7.4,AE,Emirates Integrated Telecommunications Company PJSC,
41.111.150.218,,DZ,Telecom Algeria,
64.227.43.22,,GB,"DigitalOcean, LLC",
220.179.241.68,SSH-2.0-OpenSSH_7.4,CN,CHINANET-BACKBONE,
103.187.146.93,SSH-2.0-libssh_0.9.6,SG,Cloud Host Pte Ltd,
35.242.175.84,SSH-2.0-OpenSSH_7.4,GB,Google LLC,
125.124.29.205,SSH-2.0-libssh_0.9.6,CN,"No.288,Fu-chun Road",
119.62.184.134,SSH-2.0-OpenSSH_7.4,CN,CHINA UNICOM China169 Backbone,
188.149.75.140,SSH-2.0-OpenSSH_7.4,SE,Tele2 Sverige AB,
